{
  "config": {
    "sae_path": "/scratch/b5bq/pu22650.b5bq/VASAE_out/010_soft_align/010_soft_gpt2_L11_k32_a1e-4",
    "model_name": "gpt2",
    "layer_idx": 11,
    "n_samples": 500,
    "context_window": 5
  },
  "feature_stats": {
    "n_features": 6144,
    "n_alive": 504,
    "alive_pct": 8.203125,
    "total_positions": 18158
  },
  "analysis_3_mean_direction": {
    "tgeo_eq_tmean_count": 15,
    "tgeo_eq_tmean_pct": 2.976190476190476,
    "cos_d_mu_mean": -0.029199037700891495,
    "cos_d_mu_median": -0.09576316922903061,
    "cos_d_mu_std": 0.20154577493667603,
    "cos_d_mu_q25": -0.19029094278812408,
    "cos_d_mu_q75": 0.0761975422501564
  },
  "analysis_4_context_position": {
    "position_match_rates_pct": {
      "offset_-5": 0.22735971462799248,
      "offset_-4": 0.2264787280136947,
      "offset_-3": 0.24075144968080273,
      "offset_-2": 0.25213054611403385,
      "offset_-1": 0.23594306239012072,
      "offset_0": 0.3580223009923023,
      "offset_1": 0.4957906494682825,
      "offset_2": 0.26177974777019575,
      "offset_3": 0.23861641980041248,
      "offset_4": 0.24434697875287328,
      "offset_5": 0.2420890865840679
    },
    "random_baseline_match_rates_pct": {
      "offset_-5": 0.01768951706134781,
      "offset_-4": 0.01175588047175319,
      "offset_-3": 0.00964591696092355,
      "offset_-2": 0.006100076154458291,
      "offset_-1": 0.01111255112384843,
      "offset_0": 0.016954662039461898,
      "offset_1": 0.021349152384074355,
      "offset_2": 0.013926558597995237,
      "offset_3": 0.019340322014018117,
      "offset_4": 0.013717444075489443,
      "offset_5": 0.012283283349293317
    },
    "window_offsets": [
      -5,
      -4,
      -3,
      -2,
      -1,
      0,
      1,
      2,
      3,
      4,
      5
    ]
  }
}