{
  "layer_0": {
    "F0_baseline": {
      "omp_error": 2721.03857421875,
      "relative_error": 0.8753654891530579,
      "n_features": 0
    },
    "F1_position": {
      "omp_error": 2615.14208984375,
      "relative_error": 0.8412983029239446,
      "clean_norm_sq": 2997.546875,
      "relative_error_of_clean": 0.8724274211203953,
      "variance_explained_by_features": 0.035681025831094136,
      "error_reduction_vs_baseline": 0.03891767113423022,
      "n_features": 1
    },
    "F2_pos+freq": {
      "omp_error": 2551.979248046875,
      "relative_error": 0.820978645411668,
      "clean_norm_sq": 2923.373046875,
      "relative_error_of_clean": 0.8729570968627716,
      "variance_explained_by_features": 0.0595430211403293,
      "error_reduction_vs_baseline": 0.06213044084478457,
      "n_features": 2
    },
    "F3_pos+freq+ws": {
      "omp_error": 1230.2674560546875,
      "relative_error": 0.3957803772655458,
      "clean_norm_sq": 1478.936279296875,
      "relative_error_of_clean": 0.8318596773077938,
      "variance_explained_by_features": 0.5242221878737555,
      "error_reduction_vs_baseline": 0.5478684250524029,
      "n_features": 3
    },
    "F4_pos+freq+ws+pn+len": {
      "omp_error": 1067.4375,
      "relative_error": 0.34339753878575446,
      "clean_norm_sq": 1284.01513671875,
      "relative_error_of_clean": 0.8313278165301029,
      "variance_explained_by_features": 0.5869288088234509,
      "error_reduction_vs_baseline": 0.6077095304293961,
      "n_features": 5
    },
    "F5_all_scalar": {
      "omp_error": 1050.426025390625,
      "relative_error": 0.3379249012664845,
      "clean_norm_sq": 1260.68505859375,
      "relative_error_of_clean": 0.833218430114765,
      "variance_explained_by_features": 0.5944342367713111,
      "error_reduction_vs_baseline": 0.6139613619067427,
      "n_features": 6
    },
    "F6_pos_onehot+all": {
      "omp_error": 537.0382080078125,
      "relative_error": 0.17276664803681235,
      "clean_norm_sq": 647.829833984375,
      "relative_error_of_clean": 0.8289803584759965,
      "variance_explained_by_features": 0.7915913068638604,
      "error_reduction_vs_baseline": 0.8026348420429857,
      "n_features": 69
    },
    "F0_baseline_k16": {
      "omp_error": 2660.24267578125,
      "relative_error": 0.8558072837389646,
      "n_features": 0
    },
    "F0_baseline_k32": {
      "omp_error": 2567.95703125,
      "relative_error": 0.8261187416020356,
      "n_features": 0
    },
    "F0_baseline_k64": {
      "omp_error": 2423.6416015625,
      "relative_error": 0.7796920764684834,
      "n_features": 0
    }
  },
  "layer_1": {
    "F0_baseline": {
      "omp_error": 6374.01171875,
      "relative_error": 0.7942816483850935,
      "n_features": 0
    },
    "F1_position": {
      "omp_error": 6163.31201171875,
      "relative_error": 0.7680258274046048,
      "clean_norm_sq": 7781.46044921875,
      "relative_error_of_clean": 0.7920508048508477,
      "variance_explained_by_features": 0.03033263693108575,
      "error_reduction_vs_baseline": 0.03305605893560705,
      "n_features": 1
    },
    "F2_pos+freq": {
      "omp_error": 6072.78515625,
      "relative_error": 0.7567450480214538,
      "clean_norm_sq": 7671.7041015625,
      "relative_error_of_clean": 0.7915822972125779,
      "variance_explained_by_features": 0.044009503438587505,
      "error_reduction_vs_baseline": 0.04725855172401114,
      "n_features": 2
    },
    "F3_pos+freq+ws": {
      "omp_error": 4561.09375,
      "relative_error": 0.5683693758409671,
      "clean_norm_sq": 6038.01318359375,
      "relative_error_of_clean": 0.755396454316003,
      "variance_explained_by_features": 0.24758788376913438,
      "error_reduction_vs_baseline": 0.2844233818110283,
      "n_features": 3
    },
    "F4_pos+freq+ws+pn+len": {
      "omp_error": 4351.76318359375,
      "relative_error": 0.5422841669209013,
      "clean_norm_sq": 5783.2255859375,
      "relative_error_of_clean": 0.7524802757436099,
      "variance_explained_by_features": 0.27933763822527924,
      "error_reduction_vs_baseline": 0.31726464029043716,
      "n_features": 5
    },
    "F5_all_scalar": {
      "omp_error": 4214.8564453125,
      "relative_error": 0.5252238735679448,
      "clean_norm_sq": 5586.97265625,
      "relative_error_of_clean": 0.7544079244056171,
      "variance_explained_by_features": 0.3037932707536733,
      "error_reduction_vs_baseline": 0.3387435368350608,
      "n_features": 6
    },
    "F6_pos_onehot+all": {
      "omp_error": 743.987060546875,
      "relative_error": 0.09271010078159064,
      "clean_norm_sq": 893.0963134765625,
      "relative_error_of_clean": 0.8330423598444284,
      "variance_explained_by_features": 0.8887089741578706,
      "error_reduction_vs_baseline": 0.8832780526025175,
      "n_features": 69
    },
    "F0_baseline_k16": {
      "omp_error": 6153.8740234375,
      "relative_error": 0.7668497359224666,
      "n_features": 0
    },
    "F0_baseline_k32": {
      "omp_error": 5841.85693359375,
      "relative_error": 0.7279685007787674,
      "n_features": 0
    },
    "F0_baseline_k64": {
      "omp_error": 5356.1923828125,
      "relative_error": 0.6674486183282866,
      "n_features": 0
    }
  },
  "layer_3": {
    "F0_baseline": {
      "omp_error": 163492.84375,
      "relative_error": 0.8366021464453647,
      "n_features": 0
    },
    "F1_position": {
      "omp_error": 152124.40625,
      "relative_error": 0.7784292075198346,
      "clean_norm_sq": 182172.390625,
      "relative_error_of_clean": 0.8350574185697904,
      "variance_explained_by_features": 0.06781350866981313,
      "error_reduction_vs_baseline": 0.06953477130401924,
      "n_features": 1
    },
    "F2_pos+freq": {
      "omp_error": 151789.53125,
      "relative_error": 0.7767156331678019,
      "clean_norm_sq": 181761.375,
      "relative_error_of_clean": 0.8351033394746271,
      "variance_explained_by_features": 0.0699167538831664,
      "error_reduction_vs_baseline": 0.07158302609192949,
      "n_features": 2
    },
    "F3_pos+freq+ws": {
      "omp_error": 149863.328125,
      "relative_error": 0.7668591426211643,
      "clean_norm_sq": 179430.09375,
      "relative_error_of_clean": 0.8352184686132117,
      "variance_explained_by_features": 0.0818461021220594,
      "error_reduction_vs_baseline": 0.08336460062950003,
      "n_features": 3
    },
    "F4_pos+freq+ws+pn+len": {
      "omp_error": 148176.40625,
      "relative_error": 0.7582270677906069,
      "clean_norm_sq": 177344.5,
      "relative_error_of_clean": 0.8355286250771803,
      "variance_explained_by_features": 0.09251819353507862,
      "error_reduction_vs_baseline": 0.09368261722464534,
      "n_features": 5
    },
    "F5_all_scalar": {
      "omp_error": 134048.328125,
      "relative_error": 0.6859328914008662,
      "clean_norm_sq": 160349.234375,
      "relative_error_of_clean": 0.8359773506090369,
      "variance_explained_by_features": 0.17948396082573304,
      "error_reduction_vs_baseline": 0.18009666325227155,
      "n_features": 6
    },
    "F6_pos_onehot+all": {
      "omp_error": 1353.01904296875,
      "relative_error": 0.0069234751171126365,
      "clean_norm_sq": 1599.025146484375,
      "relative_error_of_clean": 0.8461524485362252,
      "variance_explained_by_features": 0.9918167070301163,
      "error_reduction_vs_baseline": 0.991724291951043,
      "n_features": 69
    },
    "F0_baseline_k16": {
      "omp_error": 161244.78125,
      "relative_error": 0.8250986832374019,
      "n_features": 0
    },
    "F0_baseline_k32": {
      "omp_error": 157144.5,
      "relative_error": 0.8041173117222974,
      "n_features": 0
    },
    "F0_baseline_k64": {
      "omp_error": 151549.84375,
      "relative_error": 0.77548913864745,
      "n_features": 0
    }
  },
  "layer_5": {
    "F0_baseline": {
      "omp_error": 108573.734375,
      "relative_error": 0.8396872114175977,
      "n_features": 0
    },