{
  "config": {
    "sae_path": "/scratch/b5bq/pu22650.b5bq/VASAE_out/010_soft_align/010_soft_gpt2_L6_k32_a1e-4",
    "model_name": "gpt2",
    "layer_idx": 6,
    "n_samples": 500,
    "context_window": 5
  },
  "feature_stats": {
    "n_features": 6144,
    "n_alive": 1600,
    "alive_pct": 26.041666666666668,
    "total_positions": 18158
  },
  "analysis_3_mean_direction": {
    "tgeo_eq_tmean_count": 18,
    "tgeo_eq_tmean_pct": 1.125,
    "cos_d_mu_mean": 0.09179732203483582,
    "cos_d_mu_median": 0.03553756698966026,
    "cos_d_mu_std": 0.1814117133617401,
    "cos_d_mu_q25": -0.05425497144460678,
    "cos_d_mu_q75": 0.2656010091304779
  },
  "analysis_4_context_position": {
    "position_match_rates_pct": {
      "offset_-5": 0.09466705409103776,
      "offset_-4": 0.08023536349161596,
      "offset_-3": 0.08652145713542007,
      "offset_-2": 0.11896057293667782,
      "offset_-1": 0.10928865685126501,
      "offset_0": 0.3220005099945234,
      "offset_1": 0.31401878397072647,
      "offset_2": 0.16388834310819492,
      "offset_3": 0.09655818473759147,
      "offset_4": 0.09989166087041809,
      "offset_5": 0.0966285612788141
    },
    "random_baseline_match_rates_pct": {
      "offset_-5": 0.03064787637218241,
      "offset_-4": 0.03458127499852936,
      "offset_-3": 0.02634320153209114,
      "offset_-2": 0.024736908682462828,
      "offset_-1": 0.019702613817480938,
      "offset_0": 0.0201313676377615,
      "offset_1": 0.023387196035366837,
      "offset_2": 0.02284149507794214,
      "offset_3": 0.0164070480369122,
      "offset_4": 0.02130981614732134,
      "offset_5": 0.033039383741976985
    },
    "window_offsets": [
      -5,
      -4,
      -3,
      -2,
      -1,
      0,
      1,
      2,
      3,
      4,
      5
    ]
  }
}