{
  "layer_0": {
    "block_norm": 2826.85693359375,
    "block_omp_error": 2552.0693359375,
    "components": {
      "wte": {
        "norm": 9.483530044555664,
        "omp_error": 2.070660944141281e-13,
        "norm_fraction": 0.003354796605323554
      },
      "wpe": {
        "norm": 12.973418235778809,
        "omp_error": 12.468111038208008,
        "norm_fraction": 0.004589343762539074
      },
      "attn.0": {
        "norm": 1020.427490234375,
        "omp_error": 908.412109375,
        "norm_fraction": 0.36097599355235765
      },
      "mlp.0": {
        "norm": 840.406982421875,
        "omp_error": 759.74609375,
        "norm_fraction": 0.2972937796867829
      }
    }
  },
  "layer_5": {
    "block_norm": 6714.1015625,
    "block_omp_error": 6019.75,
    "components": {
      "wte": {
        "norm": 9.728128433227539,
        "omp_error": 2.3483482953362556e-13,
        "norm_fraction": 0.0014489099312351278
      },
      "wpe": {
        "norm": 12.914565086364746,
        "omp_error": 12.402509689331055,
        "norm_fraction": 0.0019234986194572843
      },
      "attn.0": {
        "norm": 983.4652099609375,
        "omp_error": 873.00244140625,
        "norm_fraction": 0.14647755932883796
      },
      "mlp.0": {
        "norm": 820.9688720703125,
        "omp_error": 743.2642822265625,
        "norm_fraction": 0.12227531329815396
      },
      "attn.5": {
        "norm": 153.7252197265625,
        "omp_error": 143.01329040527344,
        "norm_fraction": 0.022895873453144908
      },
      "mlp.5": {
        "norm": 346.23828125,
        "omp_error": 322.7798156738281,
        "norm_fraction": 0.0515688179612639
      }
    }
  },
  "layer_11": {
    "block_norm": 228573.296875,
    "block_omp_error": 158698.03125,
    "components": {
      "wte": {
        "norm": 9.9044189453125,
        "omp_error": 2.0670357786523041e-13,
        "norm_fraction": 4.3331478701682876e-05
      },
      "wpe": {
        "norm": 12.186342239379883,
        "omp_error": 11.697093963623047,
        "norm_fraction": 5.3314811511181175e-05
      },
      "attn.0": {
        "norm": 975.7540283203125,
        "omp_error": 869.3211669921875,
        "norm_fraction": 0.004268888980736554
      },
      "mlp.0": {
        "norm": 835.72119140625,
        "omp_error": 750.8350830078125,
        "norm_fraction": 0.0036562503268405904
      },
      "attn.5": {
        "norm": 146.09695434570312,
        "omp_error": 135.0838623046875,
        "norm_fraction": 0.0006391689508053045
      },
      "mlp.5": {
        "norm": 350.009521484375,
        "omp_error": 325.4150085449219,
        "norm_fraction": 0.001531279140081638
      },
      "attn.11": {
        "norm": 272720.28125,
        "omp_error": 236178.0625,
        "norm_fraction": 1.1931414779353806
      },
      "mlp.11": {
        "norm": 9068.974609375,
        "omp_error": 7035.53466796875,
        "norm_fraction": 0.03967643960761766
      }
    }
  }
}