{
  "pos_rank": 768,
  "per_layer": {
    "layer_0": {
      "var_pos_fraction": 1.0007996506720986,
      "omp_error_original": 2552.0693359375,
      "omp_error_pos_removed": 0.000413872126955539,
      "omp_error_change": -0.9999998378288077
    },
    "layer_5": {
      "var_pos_fraction": 1.0008107954590568,
      "omp_error_original": 5707.4677734375,
      "omp_error_pos_removed": 0.000945933919865638,
      "omp_error_change": -0.9999998342638177
    },
    "layer_11": {
      "var_pos_fraction": 1.0007832089355957,
      "omp_error_original": 125091.65625,
      "omp_error_pos_removed": 0.019308695569634438,
      "omp_error_change": -0.9999998456436172
    }
  },
  "pos_E_max_cosine": [
    0.05032479390501976,
    0.06628634035587311,
    0.11271867156028748,
    0.16752830147743225,
    0.16575860977172852,
    0.10148628056049347,
    0.11898742616176605,
    0.07434755563735962,
    0.11312855780124664,
    0.0839291512966156,
    0.10263323783874512,
    0.10490626096725464,
    0.1647546887397766,
    0.09468995779752731,
    0.1197691559791565,
    0.090669646859169
  ]
}