{
  "layer_0": {
    "baseline_omp_error": 2443.46484375,
    "r=8": {
      "E+pos": {
        "error": 2343.8095703125,
        "rel_drop": 0.04078441058499473
      },
      "E+mlp_dirs": {
        "error": 2211.46533203125,
        "rel_drop": 0.0949469407395684
      },
      "E+attn_dirs": {
        "error": 2343.8095703125,
        "rel_drop": 0.04078441058499473
      },
      "E+LN(E)": {
        "error": 2297.884765625,
        "rel_drop": 0.059579362681387055
      },
      "E+act_pca": {
        "error": 2259.8486328125,
        "rel_drop": 0.07514583703021613
      },
      "E+random": {
        "error": 2343.8095703125,
        "rel_drop": 0.04078441058499473
      }
    },
    "r=16": {
      "E+pos": {
        "error": 2343.8095703125,
        "rel_drop": 0.04078441058499473
      },
      "E+mlp_dirs": {
        "error": 2211.46533203125,
        "rel_drop": 0.0949469407395684
      },
      "E+attn_dirs": {
        "error": 2343.8095703125,
        "rel_drop": 0.04078441058499473
      },
      "E+LN(E)": {
        "error": 2297.884765625,
        "rel_drop": 0.059579362681387055
      },
      "E+act_pca": {
        "error": 2259.8486328125,
        "rel_drop": 0.07514583703021613
      },
      "E+random": {
        "error": 2343.8095703125,
        "rel_drop": 0.04078441058499473
      }
    },
    "r=32": {
      "E+pos": {
        "error": 2343.8095703125,
        "rel_drop": 0.04078441058499473
      },
      "E+mlp_dirs": {
        "error": 2211.46533203125,
        "rel_drop": 0.0949469407395684
      },
      "E+attn_dirs": {
        "error": 2343.8095703125,
        "rel_drop": 0.04078441058499473
      },
      "E+LN(E)": {
        "error": 2297.884765625,
        "rel_drop": 0.059579362681387055
      },
      "E+act_pca": {
        "error": 2259.8486328125,
        "rel_drop": 0.07514583703021613
      },
      "E+random": {
        "error": 2343.8095703125,
        "rel_drop": 0.04078441058499473
      }
    },
    "r=64": {
      "E+pos": {
        "error": 2343.8095703125,
        "rel_drop": 0.04078441058499473
      },
      "E+mlp_dirs": {
        "error": 2211.46533203125,
        "rel_drop": 0.0949469407395684
      },
      "E+attn_dirs": {
        "error": 2343.8095703125,
        "rel_drop": 0.04078441058499473
      },
      "E+LN(E)": {
        "error": 2297.884765625,
        "rel_drop": 0.059579362681387055
      },
      "E+act_pca": {
        "error": 2259.8486328125,
        "rel_drop": 0.07514583703021613
      },
      "E+random": {
        "error": 2343.8095703125,
        "rel_drop": 0.04078441058499473
      }
    },
    "r=128": {
      "E+pos": {
        "error": 2343.8095703125,
        "rel_drop": 0.04078441058499473
      },
      "E+mlp_dirs": {
        "error": 2211.46533203125,
        "rel_drop": 0.0949469407395684
      },
      "E+attn_dirs": {
        "error": 2343.8095703125,
        "rel_drop": 0.04078441058499473
      },
      "E+LN(E)": {
        "error": 2297.884765625,
        "rel_drop": 0.059579362681387055
      },
      "E+act_pca": {
        "error": 2259.8486328125,
        "rel_drop": 0.07514583703021613
      },
      "E+random": {
        "error": 2343.8095703125,
        "rel_drop": 0.04078441058499473
      }
    }
  },
  "layer_5": {
    "baseline_omp_error": 5822.1943359375,
    "r=8": {
      "E+pos": {
        "error": 5594.24755859375,
        "rel_drop": 0.03915135156804168
      },
      "E+mlp_dirs": {
        "error": 5594.24755859375,
        "rel_drop": 0.03915135156804168
      },
      "E+attn_dirs": {
        "error": 5594.24755859375,
        "rel_drop": 0.03915135156804168
      },
      "E+LN(E)": {
        "error": 5745.8173828125,
        "rel_drop": 0.013118241803363241
      },
      "E+act_pca": {
        "error": 5284.75,
        "rel_drop": 0.09230958379731923
      },
      "E+random": {
        "error": 5594.24755859375,
        "rel_drop": 0.03915135156804168
      }
    },
    "r=16": {
      "E+pos": {
        "error": 5594.24755859375,
        "rel_drop": 0.03915135156804168
      },
      "E+mlp_dirs": {
        "error": 5594.24755859375,
        "rel_drop": 0.03915135156804168
      },
      "E+attn_dirs": {
        "error": 5594.24755859375,
        "rel_drop": 0.03915135156804168
      },
      "E+LN(E)": {
        "error": 5745.8173828125,
        "rel_drop": 0.013118241803363241
      },
      "E+act_pca": {
        "error": 5284.75,
        "rel_drop": 0.09230958379731923
      },
      "E+random": {
        "error": 5594.24755859375,
        "rel_drop": 0.03915135156804168
      }
    },
    "r=32": {
      "E+pos": {
        "error": 5594.24755859375,
        "rel_drop": 0.03915135156804168
      },
      "E+mlp_dirs": {
        "error": 5594.24755859375,
        "rel_drop": 0.03915135156804168
      },
      "E+attn_dirs": {
        "error": 5594.24755859375,
        "rel_drop": 0.03915135156804168
      },
      "E+LN(E)": {
        "error": 5745.8173828125,
        "rel_drop": 0.013118241803363241
      },
      "E+act_pca": {
        "error": 5284.75,
        "rel_drop": 0.09230958379731923
      },
      "E+random": {
        "error": 5594.24755859375,
        "rel_drop": 0.03915135156804168
      }
    },
    "r=64": {
      "E+pos": {
        "error": 5594.24755859375,
        "rel_drop": 0.03915135156804168
      },
      "E+mlp_dirs": {
        "error": 5594.24755859375,
        "rel_drop": 0.03915135156804168
      },
      "E+attn_dirs": {
        "error": 5594.24755859375,
        "rel_drop": 0.03915135156804168
      },
      "E+LN(E)": {
        "error": 5745.8173828125,
        "rel_drop": 0.013118241803363241
      },
      "E+act_pca": {
        "error": 5284.75,
        "rel_drop": 0.09230958379731923
      },
      "E+random": {
        "error": 5594.24755859375,
        "rel_drop": 0.03915135156804168
      }
    },
    "r=128": {
      "E+pos": {
        "error": 5594.24755859375,
        "rel_drop": 0.03915135156804168
      },
      "E+mlp_dirs": {
        "error": 5594.24755859375,
        "rel_drop": 0.03915135156804168
      },
      "E+attn_dirs": {
        "error": 5594.24755859375,
        "rel_drop": 0.03915135156804168
      },
      "E+LN(E)": {
        "error": 5745.8173828125,
        "rel_drop": 0.013118241803363241
      },
      "E+act_pca": {
        "error": 5284.75,
        "rel_drop": 0.09230958379731923
      },
      "E+random": {
        "error": 5594.24755859375,
        "rel_drop": 0.03915135156804168
      }
    }
  },
  "layer_11": {
    "baseline_omp_error": 118759.9609375,
    "r=8": {
      "E+pos": {
        "error": 107886.0625,
        "rel_drop": 0.09156199068828108
      },
      "E+mlp_dirs": {
        "error": 107886.0625,
        "rel_drop": 0.09156199068828108
      },
      "E+attn_dirs": {
        "error": 86282.609375,
        "rel_drop": 0.2734705477007685
      },
      "E+LN(E)": {
        "error": 124240.8671875,
        "rel_drop": -0.04615112877044853
      },
      "E+act_pca": {
        "error": 97861.6171875,
        "rel_drop": 0.1759712918817665
      },
      "E+random": {
        "error": 107886.0625,
        "rel_drop": 0.09156199068828108
      }
    },
    "r=16": {
      "E+pos": {
        "error": 107886.0625,
        "rel_drop": 0.09156199068828108
      },
      "E+mlp_dirs": {
        "error": 107886.0625,
        "rel_drop": 0.09156199068828108
      },
      "E+attn_dirs": {
        "error": 86282.609375,
        "rel_drop": 0.2734705477007685
      },
      "E+LN(E)": {
        "error": 124240.8671875,
        "rel_drop": -0.04615112877044853
      },
      "E+act_pca": {
        "error": 97861.6171875,
        "rel_drop": 0.1759712918817665
      },
      "E+random": {
        "error": 107886.0625,
        "rel_drop": 0.09156199068828108
      }
    },
    "r=32": {
      "E+pos": {
        "error": 107886.0625,
        "rel_drop": 0.09156199068828108
      },
      "E+mlp_dirs": {
        "error": 107886.0625,