{
  "layer_0": {
    "omp_pre_ln": 2766.2890625,
    "omp_post_ln": 18.095233917236328,
    "omp_ln_adapted_dict": 17.261131286621094,
    "angle_distortion_mean": 0.0397472083568573,
    "angle_distortion_std": 0.016094809398055077,
    "angle_distortion_max": 0.09627842903137207
  },
  "layer_5": {
    "omp_pre_ln": 5889.068359375,
    "omp_post_ln": 100.34927368164062,
    "omp_ln_adapted_dict": 91.56585693359375,
    "angle_distortion_mean": 0.09659062325954437,
    "angle_distortion_std": 0.027218645438551903,
    "angle_distortion_max": 0.15360397100448608
  },
  "layer_11": {
    "omp_pre_ln": 154432.203125,
    "omp_post_ln": 56981.98828125,
    "omp_ln_adapted_dict": 27116.552734375,
    "angle_distortion_mean": 0.5182584524154663,
    "angle_distortion_std": 0.05512082204222679,
    "angle_distortion_max": 0.7627249360084534
  }
}