{
  "0": {
    "median_margin": 0.24436283111572266,
    "mean_margin": 0.2282705157995224,
    "std_margin": 0.15557795763015747,
    "pct_margin_gt_005": 74.23502802848816,
    "pct_margin_gt_01": 72.900390625,
    "pct_margin_gt_02": 61.083984375,
    "mean_max_sim": 0.6911720633506775,
    "median_max_sim": 0.728320837020874,
    "null_rotated_median_margin": 0.0048363059759140015,
    "null_rotated_mean_margin": 0.0067672329023480415,
    "null_random_median_margin": 0.004818782210350037,
    "null_random_mean_margin": 0.00674870889633894
  },
  "1": {
    "median_margin": 0.22636207938194275,
    "mean_margin": 0.21289695799350739,
    "std_margin": 0.15038616955280304,
    "pct_margin_gt_005": 72.68880009651184,
    "pct_margin_gt_01": 71.630859375,
    "pct_margin_gt_02": 57.50325322151184,
    "mean_max_sim": 0.6492171287536621,
    "median_max_sim": 0.7059913277626038,
    "null_rotated_median_margin": 0.004839658737182617,
    "null_rotated_mean_margin": 0.006748830899596214,
    "null_random_median_margin": 0.004918307065963745,
    "null_random_mean_margin": 0.006832739803940058
  },
  "2": {
    "median_margin": 0.2203328013420105,
    "mean_margin": 0.20504574477672577,
    "std_margin": 0.15140415728092194,
    "pct_margin_gt_005": 70.41015625,
    "pct_margin_gt_01": 69.59635615348816,
    "pct_margin_gt_02": 55.28971552848816,
    "mean_max_sim": 0.6261652112007141,
    "median_max_sim": 0.6985982656478882,
    "null_rotated_median_margin": 0.004867449402809143,
    "null_rotated_mean_margin": 0.006809913087636232,
    "null_random_median_margin": 0.004853285849094391,
    "null_random_mean_margin": 0.006778500508517027
  },
  "3": {
    "median_margin": 0.20200741291046143,
    "mean_margin": 0.18716995418071747,
    "std_margin": 0.151636004447937,
    "pct_margin_gt_005": 65.33203125,
    "pct_margin_gt_01": 64.33919072151184,
    "pct_margin_gt_02": 50.60221552848816,
    "mean_max_sim": 0.5791799426078796,
    "median_max_sim": 0.6899023652076721,
    "null_rotated_median_margin": 0.004833906888961792,
    "null_rotated_mean_margin": 0.006783417891710997,
    "null_random_median_margin": 0.004882872104644775,
    "null_random_mean_margin": 0.006792896427214146
  },
  "4": {
    "median_margin": 0.18690595030784607,
    "mean_margin": 0.1763719916343689,
    "std_margin": 0.1535787433385849,
    "pct_margin_gt_005": 61.14909052848816,
    "pct_margin_gt_01": 60.15625,
    "pct_margin_gt_02": 47.44466245174408,
    "mean_max_sim": 0.5515722632408142,
    "median_max_sim": 0.678419291973114,
    "null_rotated_median_margin": 0.004880458116531372,
    "null_rotated_mean_margin": 0.006763693410903215,
    "null_random_median_margin": 0.0048513710498809814,
    "null_random_mean_margin": 0.006792488973587751
  },
  "5": {
    "median_margin": 0.16512435674667358,
    "mean_margin": 0.1623968631029129,
    "std_margin": 0.15094558894634247,
    "pct_margin_gt_005": 57.666015625,
    "pct_margin_gt_01": 56.396484375,
    "pct_margin_gt_02": 42.67578125,
    "mean_max_sim": 0.5140385627746582,
    "median_max_sim": 0.6632710099220276,
    "null_rotated_median_margin": 0.004808276891708374,
    "null_rotated_mean_margin": 0.00672052102163434,
    "null_random_median_margin": 0.004788443446159363,
    "null_random_mean_margin": 0.006702356040477753
  },
  "6": {
    "median_margin": 0.14818090200424194,
    "mean_margin": 0.15296374261379242,
    "std_margin": 0.14704085886478424,
    "pct_margin_gt_005": 55.59895634651184,
    "pct_margin_gt_01": 54.345703125,
    "pct_margin_gt_02": 40.33203125,
    "mean_max_sim": 0.4905967712402344,
    "median_max_sim": 0.6149129271507263,
    "null_rotated_median_margin": 0.004837468266487122,
    "null_rotated_mean_margin": 0.00673055462539196,
    "null_random_median_margin": 0.004886329174041748,
    "null_random_mean_margin": 0.006805619690567255
  },
  "7": {
    "median_margin": 0.13755637407302856,
    "mean_margin": 0.14741623401641846,
    "std_margin": 0.14523397386074066,
    "pct_margin_gt_005": 54.52473759651184,
    "pct_margin_gt_01": 53.01106572151184,
    "pct_margin_gt_02": 38.37890625,
    "mean_max_sim": 0.4741356074810028,
    "median_max_sim": 0.5708858370780945,
    "null_rotated_median_margin": 0.004971668124198914,
    "null_rotated_mean_margin": 0.00685341190546751,
    "null_random_median_margin": 0.004868783056735992,
    "null_random_mean_margin": 0.006828792858868837
  },
  "8": {
    "median_margin": 0.1483427882194519,
    "mean_margin": 0.1496664434671402,
    "std_margin": 0.14350250363349915,
    "pct_margin_gt_005": 56.07096552848816,
    "pct_margin_gt_01": 54.57356572151184,
    "pct_margin_gt_02": 39.04622495174408,
    "mean_max_sim": 0.4767845571041107,
    "median_max_sim": 0.6026337742805481,
    "null_rotated_median_margin": 0.004824995994567871,
    "null_rotated_mean_margin": 0.0068050832487642765,
    "null_random_median_margin": 0.004889853298664093,
    "null_random_mean_margin": 0.0067914570681750774
  },
  "9": {
    "median_margin": 0.17008793354034424,
    "mean_margin": 0.16535836458206177,
    "std_margin": 0.1491387039422989,
    "pct_margin_gt_005": 59.83073115348816,
    "pct_margin_gt_01": 58.3984375,
    "pct_margin_gt_02": 43.97786557674408,
    "mean_max_sim": 0.5209382176399231,
    "median_max_sim": 0.668002724647522,
    "null_rotated_median_margin": 0.004899606108665466,
    "null_rotated_mean_margin": 0.006797387730330229,
    "null_random_median_margin": 0.0049150362610816956,
    "null_random_mean_margin": 0.006811666302382946
  },
  "10": {
    "median_margin": 0.2574956715106964,
    "mean_margin": 0.23803101480007172,
    "std_margin": 0.1579926759004593,
    "pct_margin_gt_005": 76.123046875,
    "pct_margin_gt_01": 75.537109375,
    "pct_margin_gt_02": 64.404296875,
    "mean_max_sim": 0.7153529524803162,
    "median_max_sim": 0.9936038255691528,
    "null_rotated_median_margin": 0.004827529191970825,
    "null_rotated_mean_margin": 0.006780217867344618,
    "null_random_median_margin": 0.004864826798439026,
    "null_random_mean_margin": 0.006779000163078308
  },
  "11": {
    "median_margin": 0.3045545816421509,
    "mean_margin": 0.295259028673172,
    "std_margin": 0.1446467489004135,
    "pct_margin_gt_005": 87.76041865348816,
    "pct_margin_gt_01": 87.41862177848816,
    "pct_margin_gt_02": 80.322265625,
    "mean_max_sim": 0.8669109344482422,
    "median_max_sim": 0.9957357048988342,
    "null_rotated_median_margin": 0.004894137382507324,
    "null_rotated_mean_margin": 0.00679390225559473,
    "null_random_median_margin": 0.004815906286239624,
    "null_random_mean_margin": 0.00671752542257309
  }
}