{
  "layer_0": {
    "k=1": {
      "nonsparse_pcs": {
        "prediction_change_rate": 0.142578125,
        "entropy_change": 0.09024243801832199,
        "kl_divergence": 0.3252950608730316
      },
      "activation_pcs": {
        "prediction_change_rate": 0.0546875,
        "entropy_change": -0.03955995664000511,
        "kl_divergence": 0.07218616455793381
      }
    },
    "k=2": {
      "nonsparse_pcs": {
        "prediction_change_rate": 0.1875,
        "entropy_change": 0.03653361275792122,
        "kl_divergence": 0.5130100250244141
      },
      "activation_pcs": {
        "prediction_change_rate": 0.271484375,
        "entropy_change": 0.00886834878474474,
        "kl_divergence": 0.8106879591941833
      }
    },
    "k=4": {
      "nonsparse_pcs": {
        "prediction_change_rate": 0.583984375,
        "entropy_change": 0.1434209793806076,
        "kl_divergence": 3.0716371536254883
      },
      "activation_pcs": {
        "prediction_change_rate": 0.544921875,
        "entropy_change": 0.11289830505847931,
        "kl_divergence": 2.342578887939453
      }
    },
    "k=8": {
      "nonsparse_pcs": {
        "prediction_change_rate": 0.6328125,
        "entropy_change": 0.19403135776519775,
        "kl_divergence": 3.109025001525879
      },
      "activation_pcs": {
        "prediction_change_rate": 0.646484375,
        "entropy_change": 0.23427742719650269,
        "kl_divergence": 3.0993175506591797
      }
    }
  },
  "layer_1": {
    "k=1": {
      "nonsparse_pcs": {
        "prediction_change_rate": 0.109375,
        "entropy_change": 0.0410408079624176,
        "kl_divergence": 0.5757218599319458
      },
      "activation_pcs": {
        "prediction_change_rate": 0.03125,
        "entropy_change": 0.021528955549001694,
        "kl_divergence": 0.018364038318395615
      }
    },
    "k=2": {
      "nonsparse_pcs": {
        "prediction_change_rate": 0.47265625,
        "entropy_change": 0.15974977612495422,
        "kl_divergence": 1.88908052444458
      },
      "activation_pcs": {
        "prediction_change_rate": 0.380859375,
        "entropy_change": 0.15153171122074127,
        "kl_divergence": 0.9601962566375732
      }
    },
    "k=4": {
      "nonsparse_pcs": {
        "prediction_change_rate": 0.40625,
        "entropy_change": 0.11829927563667297,
        "kl_divergence": 2.078587532043457
      },
      "activation_pcs": {
        "prediction_change_rate": 0.48046875,
        "entropy_change": 0.16879433393478394,
        "kl_divergence": 1.427706241607666
      }
    },
    "k=8": {
      "nonsparse_pcs": {
        "prediction_change_rate": 0.66015625,
        "entropy_change": 0.21271702647209167,
        "kl_divergence": 3.1872024536132812
      },
      "activation_pcs": {
        "prediction_change_rate": 0.80078125,
        "entropy_change": 0.2899065613746643,
        "kl_divergence": 3.8582470417022705
      }
    }
  },
  "layer_2": {
    "k=1": {
      "nonsparse_pcs": {
        "prediction_change_rate": 0.109375,
        "entropy_change": -0.019574899226427078,
        "kl_divergence": 0.4233782887458801
      },
      "activation_pcs": {
        "prediction_change_rate": 0.505859375,
        "entropy_change": 0.35891446471214294,
        "kl_divergence": 2.5973994731903076
      }
    },
    "k=2": {
      "nonsparse_pcs": {
        "prediction_change_rate": 0.40234375,
        "entropy_change": -0.006072412244975567,
        "kl_divergence": 1.902827262878418
      },
      "activation_pcs": {
        "prediction_change_rate": 0.681640625,
        "entropy_change": 0.4020119309425354,
        "kl_divergence": 4.840088367462158
      }
    },
    "k=4": {
      "nonsparse_pcs": {
        "prediction_change_rate": 0.423828125,
        "entropy_change": -0.048020217567682266,
        "kl_divergence": 2.0232858657836914
      },
      "activation_pcs": {
        "prediction_change_rate": 0.70703125,
        "entropy_change": 0.4567829966545105,
        "kl_divergence": 4.709366321563721
      }
    },
    "k=8": {
      "nonsparse_pcs": {
        "prediction_change_rate": 0.48046875,
        "entropy_change": 0.14652544260025024,
        "kl_divergence": 2.1037588119506836
      },
      "activation_pcs": {
        "prediction_change_rate": 0.666015625,
        "entropy_change": 0.4988826811313629,
        "kl_divergence": 3.8648929595947266
      }
    }
  },
  "layer_3": {
    "k=1": {
      "nonsparse_pcs": {
        "prediction_change_rate": 0.126953125,
        "entropy_change": -0.018793262541294098,
        "kl_divergence": 0.8101180195808411
      },
      "activation_pcs": {
        "prediction_change_rate": 0.556640625,
        "entropy_change": 0.2528485059738159,
        "kl_divergence": 3.0474953651428223
      }
    },
    "k=2": {
      "nonsparse_pcs": {
        "prediction_change_rate": 0.470703125,
        "entropy_change": -0.03670382499694824,
        "kl_divergence": 2.913112163543701
      },
      "activation_pcs": {
        "prediction_change_rate": 0.6796875,
        "entropy_change": 0.2672637104988098,
        "kl_divergence": 5.730419158935547
      }
    },
    "k=4": {
      "nonsparse_pcs": {
        "prediction_change_rate": 0.484375,
        "entropy_change": -0.043524231761693954,
        "kl_divergence": 2.8949129581451416
      },
      "activation_pcs": {
        "prediction_change_rate": 0.73046875,
        "entropy_change": 0.35132163763046265,
        "kl_divergence": 5.636055946350098
      }
    },
    "k=8": {
      "nonsparse_pcs": {
        "prediction_change_rate": 0.48828125,
        "entropy_change": 0.11623816937208176,
        "kl_divergence": 2.443922996520996
      },
      "activation_pcs": {
        "prediction_change_rate": 0.751953125,
        "entropy_change": 0.4944498538970947,
        "kl_divergence": 5.242743968963623
      }
    }
  },
  "layer_4": {
    "k=1": {
      "nonsparse_pcs": {
        "prediction_change_rate": 0.11328125,
        "entropy_change": -0.018736304715275764,
        "kl_divergence": 1.2713725566864014
      },
      "activation_pcs": {
        "prediction_change_rate": 0.53125,
        "entropy_change": 0.25375235080718994,
        "kl_divergence": 3.0907251834869385
      }
    },
    "k=2": {
      "nonsparse_pcs": {
        "prediction_change_rate": 0.41015625,
        "entropy_change": -0.04185104742646217,
        "kl_divergence": 3.6461758613586426
      },
      "activation_pcs": {
        "prediction_change_rate": 0.685546875,
        "entropy_change": 0.2718212306499481,
        "kl_divergence": 6.148536682128906
      }
    },
    "k=4": {
      "nonsparse_pcs": {
        "prediction_change_rate": 0.419921875,
        "entropy_change": 0.043056339025497437,
        "kl_divergence": 2.9298224449157715
      },
      "activation_pcs": {
        "prediction_change_rate": 0.681640625,
        "entropy_change": 0.32414156198501587,
        "kl_divergence": 5.055932521820068
      }
    },
    "k=8": {
      "nonsparse_pcs": {
        "prediction_change_rate": 0.466796875,
        "entropy_change": 0.10962560772895813,
        "kl_divergence": 2.7186131477355957
      },
      "activation_pcs": {
        "prediction_change_rate": 0.69140625,
        "entropy_change": 0.46217578649520874,
        "kl_divergence": 4.870760917663574
      }
    }
  },
  "layer_5": {
    "k=1": {
      "nonsparse_pcs": {
        "prediction_change_rate": 0.087890625,
        "entropy_change": -0.012599697336554527,
        "kl_divergence": 2.48830509185791
      },
      "activation_pcs": {
        "prediction_change_rate": 0.49609375,
        "entropy_change": 0.24353623390197754,
        "kl_divergence": 3.056520938873291
      }
    },
    "k=2": {
      "nonsparse_pcs": {
        "prediction_change_rate": 0.416015625,
        "entropy_change": -0.007047629915177822,
        "kl_divergence": 5.069527626037598
      },
      "activation_pcs": {
        "prediction_change_rate": 0.65625,