{
  "layer_0": {
    "trace_alignment": 0.023148551342514735,
    "principal_angles_deg_mean": 76.43540954589844,
    "principal_angles_deg_median": 77.62075805664062,
    "principal_angles_deg_max": 89.90196228027344,
    "condition_number": 15.814737319946289,
    "top_eigvals": [
      133.93653869628906,
      108.83102416992188,
      58.147705078125,
      53.219825744628906,
      46.77520751953125,
      42.34214782714844,
      39.72019958496094,
      35.90047836303711,
      34.06666946411133,
      33.142086029052734,
      30.54303550720215,
      30.436115264892578,
      29.261232376098633,
      27.29432487487793,
      25.205337524414062,
      23.293519973754883
    ]
  },
  "layer_5": {
    "trace_alignment": 0.028273571464241993,
    "principal_angles_deg_mean": 75.4317626953125,
    "principal_angles_deg_median": 76.96101379394531,
    "principal_angles_deg_max": 89.83621978759766,
    "condition_number": 10.008783340454102,
    "top_eigvals": [
      277.6371765136719,
      222.7010955810547,
      189.74002075195312,
      183.8544921875,
      168.6792449951172,
      159.56011962890625,
      157.04708862304688,
      152.79989624023438,
      146.28965759277344,
      137.6844482421875,
      127.42205047607422,
      115.88358306884766,
      110.23091125488281,
      98.98162841796875,
      89.12523651123047,
      84.37554168701172
    ]
  },
  "layer_11": {
    "trace_alignment": 0.1347595510487982,
    "principal_angles_deg_mean": 73.41307067871094,
    "principal_angles_deg_median": 75.77659606933594,
    "principal_angles_deg_max": 89.9901351928711,
    "condition_number": 34.2004280090332,
    "top_eigvals": [
      14240.060546875,
      7777.80859375,
      2322.271728515625,
      1964.769287109375,
      1651.49267578125,
      1499.8424072265625,
      1361.8114013671875,
      1087.7977294921875,
      1006.3344116210938,
      962.64208984375,
      927.9567260742188,
      868.8214111328125,
      808.7379150390625,
      766.5304565429688,
      738.7630615234375,
      720.6602172851562
    ]
  }
}