{
  "0": {
    "tgeo_mean_token_length": 5.860936658891082,
    "tgeo_pct_starts_space": 65.87116454333393,
    "tgeo_unique_set_size": 5573
  },
  "1": {
    "tgeo_mean_token_length": 5.848712446351931,
    "tgeo_pct_starts_space": 65.50429184549357,
    "tgeo_unique_set_size": 5592
  },
  "2": {
    "tgeo_mean_token_length": 5.876318141197498,
    "tgeo_pct_starts_space": 65.1295799821269,
    "tgeo_unique_set_size": 5595
  },
  "3": {
    "tgeo_mean_token_length": 5.850500715307582,
    "tgeo_pct_starts_space": 65.07510729613733,
    "tgeo_unique_set_size": 5592
  },
  "4": {
    "tgeo_mean_token_length": 5.83590387374462,
    "tgeo_pct_starts_space": 64.8493543758967,
    "tgeo_unique_set_size": 5576
  },
  "5": {
    "tgeo_mean_token_length": 5.805058717253839,
    "tgeo_pct_starts_space": 64.71544715447153,
    "tgeo_unique_set_size": 5535
  },
  "6": {
    "tgeo_mean_token_length": 5.837960442750862,
    "tgeo_pct_starts_space": 65.1787334422065,
    "tgeo_unique_set_size": 5511
  },
  "7": {
    "tgeo_mean_token_length": 5.838345179515218,
    "tgeo_pct_starts_space": 65.40914889739385,
    "tgeo_unique_set_size": 5487
  },
  "8": {
    "tgeo_mean_token_length": 5.867848656552733,
    "tgeo_pct_starts_space": 66.67885212940962,
    "tgeo_unique_set_size": 5471
  },
  "9": {
    "tgeo_mean_token_length": 5.800182481751825,
    "tgeo_pct_starts_space": 65.82116788321169,
    "tgeo_unique_set_size": 5480
  },
  "10": {
    "tgeo_mean_token_length": 5.828333935670401,
    "tgeo_pct_starts_space": 65.54029634983736,
    "tgeo_unique_set_size": 5534
  },
  "11": {
    "tgeo_mean_token_length": 5.852203511286278,
    "tgeo_pct_starts_space": 64.86922250089575,
    "tgeo_unique_set_size": 5582
  },
  "jaccard_overlap": {
    "L0_L1": 0.7574,
    "L0_L2": 0.7113,
    "L0_L3": 0.6644,
    "L0_L4": 0.6376,
    "L0_L5": 0.5999,
    "L0_L6": 0.585,
    "L0_L7": 0.5573,
    "L0_L8": 0.5356,
    "L0_L9": 0.5656,
    "L0_L10": 0.6677,
    "L0_L11": 0.7311,
    "L1_L2": 0.7221,
    "L1_L3": 0.6745,
    "L1_L4": 0.638,
    "L1_L5": 0.6063,
    "L1_L6": 0.5852,
    "L1_L7": 0.5532,
    "L1_L8": 0.5387,
    "L1_L9": 0.5643,
    "L1_L10": 0.6591,
    "L1_L11": 0.7151,
    "L2_L3": 0.6881,
    "L2_L4": 0.6457,
    "L2_L5": 0.6109,
    "L2_L6": 0.5929,
    "L2_L7": 0.5543,
    "L2_L8": 0.5355,
    "L2_L9": 0.5574,
    "L2_L10": 0.6446,
    "L2_L11": 0.6922,
    "L3_L4": 0.6557,
    "L3_L5": 0.6096,
    "L3_L6": 0.5889,
    "L3_L7": 0.548,
    "L3_L8": 0.5261,
    "L3_L9": 0.5466,
    "L3_L10": 0.6172,
    "L3_L11": 0.6552,
    "L4_L5": 0.6169,
    "L4_L6": 0.5775,
    "L4_L7": 0.5425,
    "L4_L8": 0.5187,
    "L4_L9": 0.5292,
    "L4_L10": 0.5983,
    "L4_L11": 0.6287,
    "L5_L6": 0.5871,
    "L5_L7": 0.5422,
    "L5_L8": 0.5166,
    "L5_L9": 0.526,
    "L5_L10": 0.582,
    "L5_L11": 0.604,
    "L6_L7": 0.5532,
    "L6_L8": 0.5274,
    "L6_L9": 0.5293,
    "L6_L10": 0.5736,
    "L6_L11": 0.589,
    "L7_L8": 0.5408,
    "L7_L9": 0.5277,
    "L7_L10": 0.5662,
    "L7_L11": 0.5725,
    "L8_L9": 0.5525,
    "L8_L10": 0.5634,
    "L8_L11": 0.5568,
    "L9_L10": 0.6188,
    "L9_L11": 0.5969,
    "L10_L11": 0.7472
  }
}